organisation_unit,period,var_name,value
01 Vientiane Capital,2024-01-01,malaria_tests,102
01 Vientiane Capital,2024-01-01,malaria_cases_per_1000,1.26
01 Vientiane Capital,2024-01-01,malaria_cases,11
01 Vientiane Capital,2024-02-01,malaria_tests,109
01 Vientiane Capital,2024-02-01,malaria_cases_per_1000,1.58
01 Vientiane Capital,2024-02-01,malaria_cases,12
01 Vientiane Capital,2024-03-01,malaria_tests,83
01 Vientiane Capital,2024-03-01,malaria_cases_per_1000,2.53
01 Vientiane Capital,2024-03-01,malaria_cases,24
01 Vientiane Capital,2024-04-01,malaria_tests,91
01 Vientiane Capital,2024-04-01,malaria_cases_per_1000,3.05
01 Vientiane Capital,2024-04-01,malaria_cases,26
01 Vientiane Capital,2024-05-01,malaria_tests,132
01 Vientiane Capital,2024-05-01,malaria_cases_per_1000,2.21
01 Vientiane Capital,2024-05-01,malaria_cases,21
01 Vientiane Capital,2024-06-01,malaria_tests,74
01 Vientiane Capital,2024-06-01,malaria_cases_per_1000,1.31
01 Vientiane Capital,2024-06-01,malaria_cases,12
01 Vientiane Capital,2024-07-01,malaria_tests,109
01 Vientiane Capital,2024-07-01,malaria_cases_per_1000,2
01 Vientiane Capital,2024-07-01,malaria_cases,17
01 Vientiane Capital,2024-08-01,malaria_tests,150
01 Vientiane Capital,2024-08-01,malaria_cases_per_1000,4.74
01 Vientiane Capital,2024-08-01,malaria_cases,38
01 Vientiane Capital,2024-09-01,malaria_tests,185
01 Vientiane Capital,2024-09-01,malaria_cases_per_1000,4.46
01 Vientiane Capital,2024-09-01,malaria_cases,37
01 Vientiane Capital,2024-10-01,malaria_tests,219
01 Vientiane Capital,2024-10-01,malaria_cases_per_1000,1.68
01 Vientiane Capital,2024-10-01,malaria_cases,16
01 Vientiane Capital,2024-11-01,malaria_tests,178
01 Vientiane Capital,2024-11-01,malaria_cases_per_1000,5.87
01 Vientiane Capital,2024-11-01,malaria_cases,46
01 Vientiane Capital,2024-12-01,malaria_tests,140
01 Vientiane Capital,2024-12-01,malaria_cases_per_1000,3.79
01 Vientiane Capital,2024-12-01,malaria_cases,32
02 Phongsali,2024-01-01,malaria_tests,164
02 Phongsali,2024-01-01,malaria_cases_per_1000,1.05
02 Phongsali,2024-01-01,malaria_cases,16
02 Phongsali,2024-02-01,malaria_tests,240
02 Phongsali,2024-02-01,malaria_cases_per_1000,1.83
02 Phongsali,2024-02-01,malaria_cases,24
02 Phongsali,2024-03-01,malaria_tests,221
02 Phongsali,2024-03-01,malaria_cases_per_1000,1.98
02 Phongsali,2024-03-01,malaria_cases,27
02 Phongsali,2024-04-01,malaria_tests,316
02 Phongsali,2024-04-01,malaria_cases_per_1000,2.59
02 Phongsali,2024-04-01,malaria_cases,36
02 Phongsali,2024-05-01,malaria_tests,339
02 Phongsali,2024-05-01,malaria_cases_per_1000,2.83
02 Phongsali,2024-05-01,malaria_cases,40
02 Phongsali,2024-06-01,malaria_tests,330
02 Phongsali,2024-06-01,malaria_cases_per_1000,1.77
02 Phongsali,2024-06-01,malaria_cases,25
02 Phongsali,2024-07-01,malaria_tests,342
02 Phongsali,2024-07-01,malaria_cases_per_1000,1.85
02 Phongsali,2024-07-01,malaria_cases,27
02 Phongsali,2024-08-01,malaria_tests,357
02 Phongsali,2024-08-01,malaria_cases_per_1000,3.89
02 Phongsali,2024-08-01,malaria_cases,55
02 Phongsali,2024-09-01,malaria_tests,333
02 Phongsali,2024-09-01,malaria_cases_per_1000,2.72
02 Phongsali,2024-09-01,malaria_cases,38
02 Phongsali,2024-10-01,malaria_tests,330
02 Phongsali,2024-10-01,malaria_cases_per_1000,2.7
02 Phongsali,2024-10-01,malaria_cases,37
02 Phongsali,2024-11-01,malaria_tests,374
02 Phongsali,2024-11-01,malaria_cases_per_1000,2.32
02 Phongsali,2024-11-01,malaria_cases,33
02 Phongsali,2024-12-01,malaria_tests,467
02 Phongsali,2024-12-01,malaria_cases_per_1000,2.7
02 Phongsali,2024-12-01,malaria_cases,37
03 Louangnamtha,2024-01-01,malaria_tests,123
03 Louangnamtha,2024-01-01,malaria_cases_per_1000,0.06
03 Louangnamtha,2024-01-01,malaria_cases,1
03 Louangnamtha,2024-02-01,malaria_tests,109
03 Louangnamtha,2024-03-01,malaria_tests,92
03 Louangnamtha,2024-04-01,malaria_tests,84
03 Louangnamtha,2024-04-01,malaria_cases_per_1000,0.13
03 Louangnamtha,2024-04-01,malaria_cases,2
03 Louangnamtha,2024-05-01,malaria_tests,118
03 Louangnamtha,2024-05-01,malaria_cases_per_1000,0.24
03 Louangnamtha,2024-05-01,malaria_cases,4
03 Louangnamtha,2024-06-01,malaria_tests,115
03 Louangnamtha,2024-07-01,malaria_tests,208
03 Louangnamtha,2024-07-01,malaria_cases_per_1000,0.18
03 Louangnamtha,2024-07-01,malaria_cases,3
03 Louangnamtha,2024-08-01,malaria_tests,200
03 Louangnamtha,2024-08-01,malaria_cases_per_1000,0.18
03 Louangnamtha,2024-08-01,malaria_cases,3
03 Louangnamtha,2024-09-01,malaria_tests,133
03 Louangnamtha,2024-09-01,malaria_cases_per_1000,0.13
03 Louangnamtha,2024-09-01,malaria_cases,2
03 Louangnamtha,2024-10-01,malaria_tests,159
03 Louangnamtha,2024-11-01,malaria_tests,121
03 Louangnamtha,2024-11-01,malaria_cases_per_1000,0.75
03 Louangnamtha,2024-11-01,malaria_cases,12
03 Louangnamtha,2024-12-01,malaria_tests,143
03 Louangnamtha,2024-12-01,malaria_cases_per_1000,0.24
03 Louangnamtha,2024-12-01,malaria_cases,4
04 Oudomxai,2024-01-01,malaria_tests,169
04 Oudomxai,2024-02-01,malaria_tests,269
04 Oudomxai,2024-03-01,malaria_tests,181
04 Oudomxai,2024-03-01,malaria_cases_per_1000,0
04 Oudomxai,2024-04-01,malaria_tests,186
04 Oudomxai,2024-05-01,malaria_tests,224
04 Oudomxai,2024-05-01,malaria_cases_per_1000,0.1
04 Oudomxai,2024-05-01,malaria_cases,2
04 Oudomxai,2024-06-01,malaria_tests,172
04 Oudomxai,2024-07-01,malaria_tests,221
04 Oudomxai,2024-07-01,malaria_cases_per_1000,0.1
04 Oudomxai,2024-07-01,malaria_cases,2
04 Oudomxai,2024-08-01,malaria_tests,349
04 Oudomxai,2024-08-01,malaria_cases_per_1000,0.34
04 Oudomxai,2024-08-01,malaria_cases,6
04 Oudomxai,2024-09-01,malaria_tests,257
04 Oudomxai,2024-09-01,malaria_cases_per_1000,0.05
04 Oudomxai,2024-09-01,malaria_cases,1
04 Oudomxai,2024-10-01,malaria_tests,271
04 Oudomxai,2024-10-01,malaria_cases_per_1000,0.1
04 Oudomxai,2024-10-01,malaria_cases,2
04 Oudomxai,2024-11-01,malaria_tests,251
04 Oudomxai,2024-12-01,malaria_tests,193
04 Oudomxai,2024-12-01,malaria_cases_per_1000,0.78
04 Oudomxai,2024-12-01,malaria_cases,16
05 Bokeo,2024-01-01,malaria_tests,80
05 Bokeo,2024-02-01,malaria_tests,72
05 Bokeo,2024-03-01,malaria_tests,91
05 Bokeo,2024-03-01,malaria_cases_per_1000,3
05 Bokeo,2024-03-01,malaria_cases,42
05 Bokeo,2024-04-01,malaria_tests,102
05 Bokeo,2024-04-01,malaria_cases_per_1000,3.16
05 Bokeo,2024-04-01,malaria_cases,44
05 Bokeo,2024-05-01,malaria_tests,83
05 Bokeo,2024-05-01,malaria_cases_per_1000,3.12
05 Bokeo,2024-05-01,malaria_cases,42
05 Bokeo,2024-06-01,malaria_tests,129
05 Bokeo,2024-06-01,malaria_cases_per_1000,3.97
05 Bokeo,2024-06-01,malaria_cases,55
05 Bokeo,2024-07-01,malaria_tests,182
05 Bokeo,2024-07-01,malaria_cases_per_1000,3.84
05 Bokeo,2024-07-01,malaria_cases,53
05 Bokeo,2024-08-01,malaria_tests,134
05 Bokeo,2024-08-01,malaria_cases_per_1000,0.48
05 Bokeo,2024-08-01,malaria_cases,7
05 Bokeo,2024-09-01,malaria_tests,67
05 Bokeo,2024-10-01,malaria_tests,59
05 Bokeo,2024-11-01,malaria_tests,45
05 Bokeo,2024-11-01,malaria_cases_per_1000,0.06
05 Bokeo,2024-11-01,malaria_cases,1
05 Bokeo,2024-12-01,malaria_tests,15
06 Louangphabang,2024-01-01,malaria_tests,427
06 Louangphabang,2024-01-01,malaria_cases_per_1000,1.96
06 Louangphabang,2024-01-01,malaria_cases,38
06 Louangphabang,2024-02-01,malaria_tests,408
06 Louangphabang,2024-02-01,malaria_cases_per_1000,1.05
06 Louangphabang,2024-02-01,malaria_cases,18
06 Louangphabang,2024-03-01,malaria_tests,530
06 Louangphabang,2024-03-01,malaria_cases_per_1000,0.89
06 Louangphabang,2024-03-01,malaria_cases,16
06 Louangphabang,2024-04-01,malaria_tests,385
06 Louangphabang,2024-04-01,malaria_cases_per_1000,1.16
06 Louangphabang,2024-04-01,malaria_cases,22
06 Louangphabang,2024-05-01,malaria_tests,441
06 Louangphabang,2024-05-01,malaria_cases_per_1000,1.36
06 Louangphabang,2024-05-01,malaria_cases,29
06 Louangphabang,2024-06-01,malaria_tests,884
06 Louangphabang,2024-06-01,malaria_cases_per_1000,1.55
06 Louangphabang,2024-06-01,malaria_cases,31
06 Louangphabang,2024-07-01,malaria_tests,605
06 Louangphabang,2024-07-01,malaria_cases_per_1000,1.4
06 Louangphabang,2024-07-01,malaria_cases,30
06 Louangphabang,2024-08-01,malaria_tests,741
06 Louangphabang,2024-08-01,malaria_cases_per_1000,0.75
06 Louangphabang,2024-08-01,malaria_cases,16
06 Louangphabang,2024-09-01,malaria_tests,728
06 Louangphabang,2024-09-01,malaria_cases_per_1000,0.68
06 Louangphabang,2024-09-01,malaria_cases,14
06 Louangphabang,2024-10-01,malaria_tests,652
06 Louangphabang,2024-10-01,malaria_cases_per_1000,0.42
06 Louangphabang,2024-10-01,malaria_cases,9
06 Louangphabang,2024-11-01,malaria_tests,418
06 Louangphabang,2024-11-01,malaria_cases_per_1000,0.77
06 Louangphabang,2024-11-01,malaria_cases,15
06 Louangphabang,2024-12-01,malaria_tests,408
06 Louangphabang,2024-12-01,malaria_cases_per_1000,1.59
06 Louangphabang,2024-12-01,malaria_cases,34
07 Houaphan,2024-01-01,malaria_tests,205
07 Houaphan,2024-01-01,malaria_cases_per_1000,1.8
07 Houaphan,2024-01-01,malaria_cases,88
07 Houaphan,2024-02-01,malaria_tests,225
07 Houaphan,2024-02-01,malaria_cases_per_1000,2.02
07 Houaphan,2024-02-01,malaria_cases,90
07 Houaphan,2024-03-01,malaria_tests,203
07 Houaphan,2024-03-01,malaria_cases_per_1000,1.42
07 Houaphan,2024-03-01,malaria_cases,66
07 Houaphan,2024-04-01,malaria_tests,185
07 Houaphan,2024-04-01,malaria_cases_per_1000,1.21
07 Houaphan,2024-04-01,malaria_cases,55
07 Houaphan,2024-05-01,malaria_tests,203
07 Houaphan,2024-05-01,malaria_cases_per_1000,0.7
07 Houaphan,2024-05-01,malaria_cases,36
07 Houaphan,2024-06-01,malaria_tests,229
07 Houaphan,2024-06-01,malaria_cases_per_1000,1.21
07 Houaphan,2024-06-01,malaria_cases,58
07 Houaphan,2024-07-01,malaria_tests,271
07 Houaphan,2024-07-01,malaria_cases_per_1000,1.62
07 Houaphan,2024-07-01,malaria_cases,82
07 Houaphan,2024-08-01,malaria_tests,284
07 Houaphan,2024-08-01,malaria_cases_per_1000,1.7
07 Houaphan,2024-08-01,malaria_cases,81
07 Houaphan,2024-09-01,malaria_tests,229
07 Houaphan,2024-09-01,malaria_cases_per_1000,1.49
07 Houaphan,2024-09-01,malaria_cases,72
07 Houaphan,2024-10-01,malaria_tests,206
07 Houaphan,2024-10-01,malaria_cases_per_1000,1.03
07 Houaphan,2024-10-01,malaria_cases,52
07 Houaphan,2024-11-01,malaria_tests,221
07 Houaphan,2024-11-01,malaria_cases_per_1000,1.33
07 Houaphan,2024-11-01,malaria_cases,65
07 Houaphan,2024-12-01,malaria_tests,218
07 Houaphan,2024-12-01,malaria_cases_per_1000,1.21
07 Houaphan,2024-12-01,malaria_cases,62
08 Xainyabouli,2024-01-01,malaria_tests,301
08 Xainyabouli,2024-01-01,malaria_cases_per_1000,0.88
08 Xainyabouli,2024-01-01,malaria_cases,12
08 Xainyabouli,2024-02-01,malaria_tests,265
08 Xainyabouli,2024-02-01,malaria_cases_per_1000,1.57
08 Xainyabouli,2024-02-01,malaria_cases,20
08 Xainyabouli,2024-03-01,malaria_tests,268
08 Xainyabouli,2024-03-01,malaria_cases_per_1000,1.25
08 Xainyabouli,2024-03-01,malaria_cases,17
08 Xainyabouli,2024-04-01,malaria_tests,287
08 Xainyabouli,2024-04-01,malaria_cases_per_1000,2.12
08 Xainyabouli,2024-04-01,malaria_cases,28
08 Xainyabouli,2024-05-01,malaria_tests,338
08 Xainyabouli,2024-05-01,malaria_cases_per_1000,2.05
08 Xainyabouli,2024-05-01,malaria_cases,26
08 Xainyabouli,2024-06-01,malaria_tests,414
08 Xainyabouli,2024-06-01,malaria_cases_per_1000,3.18
08 Xainyabouli,2024-06-01,malaria_cases,40
08 Xainyabouli,2024-07-01,malaria_tests,493
08 Xainyabouli,2024-07-01,malaria_cases_per_1000,1.91
08 Xainyabouli,2024-07-01,malaria_cases,26
08 Xainyabouli,2024-08-01,malaria_tests,533
08 Xainyabouli,2024-08-01,malaria_cases_per_1000,3.89
08 Xainyabouli,2024-08-01,malaria_cases,52
08 Xainyabouli,2024-09-01,malaria_tests,573
08 Xainyabouli,2024-09-01,malaria_cases_per_1000,1.97
08 Xainyabouli,2024-09-01,malaria_cases,26
08 Xainyabouli,2024-10-01,malaria_tests,439
08 Xainyabouli,2024-10-01,malaria_cases_per_1000,2.27
08 Xainyabouli,2024-10-01,malaria_cases,31
08 Xainyabouli,2024-11-01,malaria_tests,1176
08 Xainyabouli,2024-11-01,malaria_cases_per_1000,4.32
08 Xainyabouli,2024-11-01,malaria_cases,56
08 Xainyabouli,2024-12-01,malaria_tests,487
08 Xainyabouli,2024-12-01,malaria_cases_per_1000,4.99
08 Xainyabouli,2024-12-01,malaria_cases,67
10 Vientiane,2024-01-01,malaria_tests,302
10 Vientiane,2024-01-01,malaria_cases_per_1000,1.43
10 Vientiane,2024-01-01,malaria_cases,13
10 Vientiane,2024-02-01,malaria_tests,227
10 Vientiane,2024-02-01,malaria_cases_per_1000,1.06
10 Vientiane,2024-02-01,malaria_cases,8
10 Vientiane,2024-03-01,malaria_tests,220
10 Vientiane,2024-03-01,malaria_cases_per_1000,1.65
10 Vientiane,2024-03-01,malaria_cases,15
10 Vientiane,2024-04-01,malaria_tests,180
10 Vientiane,2024-04-01,malaria_cases_per_1000,0.68
10 Vientiane,2024-04-01,malaria_cases,6
10 Vientiane,2024-05-01,malaria_tests,281
10 Vientiane,2024-05-01,malaria_cases_per_1000,1.76
10 Vientiane,2024-05-01,malaria_cases,16
10 Vientiane,2024-06-01,malaria_tests,305
10 Vientiane,2024-06-01,malaria_cases_per_1000,2.16
10 Vientiane,2024-06-01,malaria_cases,19
10 Vientiane,2024-07-01,malaria_tests,313
10 Vientiane,2024-07-01,malaria_cases_per_1000,0.99
10 Vientiane,2024-07-01,malaria_cases,9
10 Vientiane,2024-08-01,malaria_tests,265
10 Vientiane,2024-08-01,malaria_cases_per_1000,2.42
10 Vientiane,2024-08-01,malaria_cases,22
10 Vientiane,2024-09-01,malaria_tests,284
10 Vientiane,2024-09-01,malaria_cases_per_1000,1.36
10 Vientiane,2024-09-01,malaria_cases,12
10 Vientiane,2024-10-01,malaria_tests,217
10 Vientiane,2024-10-01,malaria_cases_per_1000,2.75
10 Vientiane,2024-10-01,malaria_cases,25
10 Vientiane,2024-11-01,malaria_tests,244
10 Vientiane,2024-11-01,malaria_cases_per_1000,2.27
10 Vientiane,2024-11-01,malaria_cases,18
10 Vientiane,2024-12-01,malaria_tests,221
10 Vientiane,2024-12-01,malaria_cases_per_1000,2.31
10 Vientiane,2024-12-01,malaria_cases,21
11 Bolikhamxai,2024-01-01,malaria_tests,101
11 Bolikhamxai,2024-01-01,malaria_cases_per_1000,1.32
11 Bolikhamxai,2024-01-01,malaria_cases,27
11 Bolikhamxai,2024-02-01,malaria_tests,118
11 Bolikhamxai,2024-02-01,malaria_cases_per_1000,1.21
11 Bolikhamxai,2024-02-01,malaria_cases,26
11 Bolikhamxai,2024-03-01,malaria_tests,114
11 Bolikhamxai,2024-03-01,malaria_cases_per_1000,1.13
11 Bolikhamxai,2024-03-01,malaria_cases,25
11 Bolikhamxai,2024-04-01,malaria_tests,100
11 Bolikhamxai,2024-04-01,malaria_cases_per_1000,1.21
11 Bolikhamxai,2024-04-01,malaria_cases,26
11 Bolikhamxai,2024-05-01,malaria_tests,135
11 Bolikhamxai,2024-05-01,malaria_cases_per_1000,1.28
11 Bolikhamxai,2024-05-01,malaria_cases,28
11 Bolikhamxai,2024-06-01,malaria_tests,155
11 Bolikhamxai,2024-06-01,malaria_cases_per_1000,1.09
11 Bolikhamxai,2024-06-01,malaria_cases,24
11 Bolikhamxai,2024-07-01,malaria_tests,209
11 Bolikhamxai,2024-07-01,malaria_cases_per_1000,0.19
11 Bolikhamxai,2024-07-01,malaria_cases,5
11 Bolikhamxai,2024-08-01,malaria_tests,231
11 Bolikhamxai,2024-08-01,malaria_cases_per_1000,0.04
11 Bolikhamxai,2024-08-01,malaria_cases,1
11 Bolikhamxai,2024-09-01,malaria_tests,175
11 Bolikhamxai,2024-10-01,malaria_tests,170
11 Bolikhamxai,2024-10-01,malaria_cases_per_1000,0.11
11 Bolikhamxai,2024-10-01,malaria_cases,3
11 Bolikhamxai,2024-11-01,malaria_tests,160
11 Bolikhamxai,2024-11-01,malaria_cases_per_1000,0.04
11 Bolikhamxai,2024-11-01,malaria_cases,1
11 Bolikhamxai,2024-12-01,malaria_tests,123
12 Khammouan,2024-01-01,malaria_tests,515
12 Khammouan,2024-01-01,malaria_cases_per_1000,0.26
12 Khammouan,2024-01-01,malaria_cases,8
12 Khammouan,2024-02-01,malaria_tests,540
12 Khammouan,2024-02-01,malaria_cases_per_1000,0.07
12 Khammouan,2024-03-01,malaria_tests,586
12 Khammouan,2024-03-01,malaria_cases_per_1000,0.17
12 Khammouan,2024-03-01,malaria_cases,5
12 Khammouan,2024-04-01,malaria_tests,539
12 Khammouan,2024-05-01,malaria_tests,710
12 Khammouan,2024-05-01,malaria_cases_per_1000,0.13
12 Khammouan,2024-05-01,malaria_cases,4
12 Khammouan,2024-06-01,malaria_tests,826
12 Khammouan,2024-06-01,malaria_cases_per_1000,0.96
12 Khammouan,2024-06-01,malaria_cases,25
12 Khammouan,2024-07-01,malaria_tests,847
12 Khammouan,2024-07-01,malaria_cases_per_1000,0.96
12 Khammouan,2024-07-01,malaria_cases,29
12 Khammouan,2024-08-01,malaria_tests,1012
12 Khammouan,2024-08-01,malaria_cases_per_1000,0.33
12 Khammouan,2024-08-01,malaria_cases,9
12 Khammouan,2024-09-01,malaria_tests,834
12 Khammouan,2024-09-01,malaria_cases_per_1000,0.65
12 Khammouan,2024-09-01,malaria_cases,17
12 Khammouan,2024-10-01,malaria_tests,578
12 Khammouan,2024-10-01,malaria_cases_per_1000,0.43
12 Khammouan,2024-10-01,malaria_cases,13
12 Khammouan,2024-11-01,malaria_tests,477
12 Khammouan,2024-11-01,malaria_cases_per_1000,1.67
12 Khammouan,2024-11-01,malaria_cases,43
12 Khammouan,2024-12-01,malaria_tests,414
12 Khammouan,2024-12-01,malaria_cases_per_1000,1.09
12 Khammouan,2024-12-01,malaria_cases,29
13 Savannakhet,2024-01-01,malaria_tests,1990
13 Savannakhet,2024-01-01,malaria_cases_per_1000,3.29
13 Savannakhet,2024-01-01,malaria_cases,145
13 Savannakhet,2024-02-01,malaria_tests,1625
13 Savannakhet,2024-02-01,malaria_cases_per_1000,2.68
13 Savannakhet,2024-02-01,malaria_cases,115
13 Savannakhet,2024-03-01,malaria_tests,1976
13 Savannakhet,2024-03-01,malaria_cases_per_1000,3.21
13 Savannakhet,2024-03-01,malaria_cases,144
13 Savannakhet,2024-04-01,malaria_tests,2021
13 Savannakhet,2024-04-01,malaria_cases_per_1000,4.21
13 Savannakhet,2024-04-01,malaria_cases,185
13 Savannakhet,2024-05-01,malaria_tests,2023
13 Savannakhet,2024-05-01,malaria_cases_per_1000,4.13
13 Savannakhet,2024-05-01,malaria_cases,181
13 Savannakhet,2024-06-01,malaria_tests,2409
13 Savannakhet,2024-06-01,malaria_cases_per_1000,6.55
13 Savannakhet,2024-06-01,malaria_cases,269
13 Savannakhet,2024-07-01,malaria_tests,2900
13 Savannakhet,2024-07-01,malaria_cases_per_1000,7.94
13 Savannakhet,2024-07-01,malaria_cases,334
13 Savannakhet,2024-08-01,malaria_tests,4517
13 Savannakhet,2024-08-01,malaria_cases_per_1000,7.43
13 Savannakhet,2024-08-01,malaria_cases,309
13 Savannakhet,2024-09-01,malaria_tests,3657
13 Savannakhet,2024-09-01,malaria_cases_per_1000,8.33
13 Savannakhet,2024-09-01,malaria_cases,333
13 Savannakhet,2024-10-01,malaria_tests,3048
13 Savannakhet,2024-10-01,malaria_cases_per_1000,7.36
13 Savannakhet,2024-10-01,malaria_cases,303
13 Savannakhet,2024-11-01,malaria_tests,2896
13 Savannakhet,2024-11-01,malaria_cases_per_1000,9.2
13 Savannakhet,2024-11-01,malaria_cases,360
13 Savannakhet,2024-12-01,malaria_tests,1929
13 Savannakhet,2024-12-01,malaria_cases_per_1000,5.57
13 Savannakhet,2024-12-01,malaria_cases,237
14 Salavan,2024-01-01,malaria_tests,2074
14 Salavan,2024-01-01,malaria_cases_per_1000,3.88
14 Salavan,2024-01-01,malaria_cases,156
14 Salavan,2024-02-01,malaria_tests,1736
14 Salavan,2024-02-01,malaria_cases_per_1000,2.5
14 Salavan,2024-02-01,malaria_cases,94
14 Salavan,2024-03-01,malaria_tests,1830
14 Salavan,2024-03-01,malaria_cases_per_1000,1.84
14 Salavan,2024-03-01,malaria_cases,81
14 Salavan,2024-04-01,malaria_tests,1757
14 Salavan,2024-04-01,malaria_cases_per_1000,2.44
14 Salavan,2024-04-01,malaria_cases,97
14 Salavan,2024-05-01,malaria_tests,2386
14 Salavan,2024-05-01,malaria_cases_per_1000,4.98
14 Salavan,2024-05-01,malaria_cases,197
14 Salavan,2024-06-01,malaria_tests,3134
14 Salavan,2024-06-01,malaria_cases_per_1000,6.51
14 Salavan,2024-06-01,malaria_cases,252
14 Salavan,2024-07-01,malaria_tests,3151
14 Salavan,2024-07-01,malaria_cases_per_1000,4.63
14 Salavan,2024-07-01,malaria_cases,189
14 Salavan,2024-08-01,malaria_tests,3177
14 Salavan,2024-08-01,malaria_cases_per_1000,3.92
14 Salavan,2024-08-01,malaria_cases,157
14 Salavan,2024-09-01,malaria_tests,3178
14 Salavan,2024-09-01,malaria_cases_per_1000,3.72
14 Salavan,2024-09-01,malaria_cases,146
14 Salavan,2024-10-01,malaria_tests,2788
14 Salavan,2024-10-01,malaria_cases_per_1000,3.07
14 Salavan,2024-10-01,malaria_cases,129
14 Salavan,2024-11-01,malaria_tests,1784
14 Salavan,2024-11-01,malaria_cases_per_1000,1.55
14 Salavan,2024-11-01,malaria_cases,63
14 Salavan,2024-12-01,malaria_tests,1727
14 Salavan,2024-12-01,malaria_cases_per_1000,2.14
14 Salavan,2024-12-01,malaria_cases,88
15 Xekong,2024-01-01,malaria_tests,985
15 Xekong,2024-01-01,malaria_cases_per_1000,9.33
15 Xekong,2024-01-01,malaria_cases,112
15 Xekong,2024-02-01,malaria_tests,731
15 Xekong,2024-02-01,malaria_cases_per_1000,10.97
15 Xekong,2024-02-01,malaria_cases,122
15 Xekong,2024-03-01,malaria_tests,953
15 Xekong,2024-03-01,malaria_cases_per_1000,7.05
15 Xekong,2024-03-01,malaria_cases,90
15 Xekong,2024-04-01,malaria_tests,978
15 Xekong,2024-04-01,malaria_cases_per_1000,10.9
15 Xekong,2024-04-01,malaria_cases,123
15 Xekong,2024-05-01,malaria_tests,1007
15 Xekong,2024-05-01,malaria_cases_per_1000,10.26
15 Xekong,2024-05-01,malaria_cases,122
15 Xekong,2024-06-01,malaria_tests,1263
15 Xekong,2024-06-01,malaria_cases_per_1000,13.18
15 Xekong,2024-06-01,malaria_cases,147
15 Xekong,2024-07-01,malaria_tests,1493
15 Xekong,2024-07-01,malaria_cases_per_1000,14.68
15 Xekong,2024-07-01,malaria_cases,170
15 Xekong,2024-08-01,malaria_tests,1416
15 Xekong,2024-08-01,malaria_cases_per_1000,12.68
15 Xekong,2024-08-01,malaria_cases,147
15 Xekong,2024-09-01,malaria_tests,1478
15 Xekong,2024-09-01,malaria_cases_per_1000,13.18
15 Xekong,2024-09-01,malaria_cases,150
15 Xekong,2024-10-01,malaria_tests,1248
15 Xekong,2024-10-01,malaria_cases_per_1000,9.83
15 Xekong,2024-10-01,malaria_cases,115
15 Xekong,2024-11-01,malaria_tests,1032
15 Xekong,2024-11-01,malaria_cases_per_1000,9.87
15 Xekong,2024-11-01,malaria_cases,111
15 Xekong,2024-12-01,malaria_tests,920
15 Xekong,2024-12-01,malaria_cases_per_1000,10.4
15 Xekong,2024-12-01,malaria_cases,121
16 Champasak,2024-01-01,malaria_tests,2937
16 Champasak,2024-01-01,malaria_cases_per_1000,5.6
16 Champasak,2024-01-01,malaria_cases,159
16 Champasak,2024-02-01,malaria_tests,2696
16 Champasak,2024-02-01,malaria_cases_per_1000,5.49
16 Champasak,2024-02-01,malaria_cases,147
16 Champasak,2024-03-01,malaria_tests,2875
16 Champasak,2024-03-01,malaria_cases_per_1000,5.14
16 Champasak,2024-03-01,malaria_cases,146
16 Champasak,2024-04-01,malaria_tests,2873
16 Champasak,2024-04-01,malaria_cases_per_1000,5.85
16 Champasak,2024-04-01,malaria_cases,160
16 Champasak,2024-05-01,malaria_tests,3059
16 Champasak,2024-05-01,malaria_cases_per_1000,6.35
16 Champasak,2024-05-01,malaria_cases,178
16 Champasak,2024-06-01,malaria_tests,3556
16 Champasak,2024-06-01,malaria_cases_per_1000,9.39
16 Champasak,2024-06-01,malaria_cases,246
16 Champasak,2024-07-01,malaria_tests,3252
16 Champasak,2024-07-01,malaria_cases_per_1000,6.5
16 Champasak,2024-07-01,malaria_cases,180
16 Champasak,2024-08-01,malaria_tests,3840
16 Champasak,2024-08-01,malaria_cases_per_1000,6.04
16 Champasak,2024-08-01,malaria_cases,167
16 Champasak,2024-09-01,malaria_tests,5123
16 Champasak,2024-09-01,malaria_cases_per_1000,6.05
16 Champasak,2024-09-01,malaria_cases,165
16 Champasak,2024-10-01,malaria_tests,4291
16 Champasak,2024-10-01,malaria_cases_per_1000,2.96
16 Champasak,2024-10-01,malaria_cases,88
16 Champasak,2024-11-01,malaria_tests,3485
16 Champasak,2024-11-01,malaria_cases_per_1000,3.25
16 Champasak,2024-11-01,malaria_cases,91
16 Champasak,2024-12-01,malaria_tests,3355
16 Champasak,2024-12-01,malaria_cases_per_1000,4.48
16 Champasak,2024-12-01,malaria_cases,129
17 Attapu,2024-01-01,malaria_tests,1162
17 Attapu,2024-01-01,malaria_cases_per_1000,5.14
17 Attapu,2024-01-01,malaria_cases,59
17 Attapu,2024-02-01,malaria_tests,796
17 Attapu,2024-02-01,malaria_cases_per_1000,4.59
17 Attapu,2024-02-01,malaria_cases,50
17 Attapu,2024-03-01,malaria_tests,1388
17 Attapu,2024-03-01,malaria_cases_per_1000,2.91
17 Attapu,2024-03-01,malaria_cases,36
17 Attapu,2024-04-01,malaria_tests,1013
17 Attapu,2024-04-01,malaria_cases_per_1000,3.57
17 Attapu,2024-04-01,malaria_cases,42
17 Attapu,2024-05-01,malaria_tests,1377
17 Attapu,2024-05-01,malaria_cases_per_1000,5.68
17 Attapu,2024-05-01,malaria_cases,63
17 Attapu,2024-06-01,malaria_tests,1495
17 Attapu,2024-06-01,malaria_cases_per_1000,7.77
17 Attapu,2024-06-01,malaria_cases,81
17 Attapu,2024-07-01,malaria_tests,1725
17 Attapu,2024-07-01,malaria_cases_per_1000,5.6
17 Attapu,2024-07-01,malaria_cases,63
17 Attapu,2024-08-01,malaria_tests,1792
17 Attapu,2024-08-01,malaria_cases_per_1000,6.14
17 Attapu,2024-08-01,malaria_cases,71
17 Attapu,2024-09-01,malaria_tests,2240
17 Attapu,2024-09-01,malaria_cases_per_1000,5.55
17 Attapu,2024-09-01,malaria_cases,60
17 Attapu,2024-10-01,malaria_tests,2373
17 Attapu,2024-10-01,malaria_cases_per_1000,4.45
17 Attapu,2024-10-01,malaria_cases,51
17 Attapu,2024-11-01,malaria_tests,1638
17 Attapu,2024-11-01,malaria_cases_per_1000,6.26
17 Attapu,2024-11-01,malaria_cases,69
17 Attapu,2024-12-01,malaria_tests,1117
17 Attapu,2024-12-01,malaria_cases_per_1000,4.29
17 Attapu,2024-12-01,malaria_cases,48
18 Xaisomboun,2024-01-01,malaria_tests,69
18 Xaisomboun,2024-01-01,malaria_cases_per_1000,1.48
18 Xaisomboun,2024-01-01,malaria_cases,18
18 Xaisomboun,2024-02-01,malaria_tests,72
18 Xaisomboun,2024-02-01,malaria_cases_per_1000,1.99
18 Xaisomboun,2024-02-01,malaria_cases,24
18 Xaisomboun,2024-03-01,malaria_tests,78
18 Xaisomboun,2024-03-01,malaria_cases_per_1000,1.55
18 Xaisomboun,2024-03-01,malaria_cases,19
18 Xaisomboun,2024-04-01,malaria_tests,80
18 Xaisomboun,2024-04-01,malaria_cases_per_1000,1.85
18 Xaisomboun,2024-04-01,malaria_cases,22
18 Xaisomboun,2024-05-01,malaria_tests,79
18 Xaisomboun,2024-05-01,malaria_cases_per_1000,2.49
18 Xaisomboun,2024-05-01,malaria_cases,31
18 Xaisomboun,2024-06-01,malaria_tests,79
18 Xaisomboun,2024-06-01,malaria_cases_per_1000,2.49
18 Xaisomboun,2024-06-01,malaria_cases,30
18 Xaisomboun,2024-07-01,malaria_tests,89
18 Xaisomboun,2024-07-01,malaria_cases_per_1000,3.19
18 Xaisomboun,2024-07-01,malaria_cases,35
18 Xaisomboun,2024-08-01,malaria_tests,79
18 Xaisomboun,2024-08-01,malaria_cases_per_1000,3.11
18 Xaisomboun,2024-08-01,malaria_cases,35
18 Xaisomboun,2024-09-01,malaria_tests,84
18 Xaisomboun,2024-09-01,malaria_cases_per_1000,2.89
18 Xaisomboun,2024-09-01,malaria_cases,30
18 Xaisomboun,2024-10-01,malaria_tests,97
18 Xaisomboun,2024-10-01,malaria_cases_per_1000,3.42
18 Xaisomboun,2024-10-01,malaria_cases,38
18 Xaisomboun,2024-11-01,malaria_tests,119
18 Xaisomboun,2024-11-01,malaria_cases_per_1000,3.13
18 Xaisomboun,2024-11-01,malaria_cases,37
18 Xaisomboun,2024-12-01,malaria_tests,114
18 Xaisomboun,2024-12-01,malaria_cases_per_1000,3.5
18 Xaisomboun,2024-12-01,malaria_cases,41
